-- phpMyAdmin SQL Dump
-- version 5.1.1
-- https://www.phpmyadmin.net/
--
-- Host: 127.0.0.1
-- Generation Time: Nov 13, 2021 at 06:29 PM
-- Server version: 10.4.21-MariaDB
-- PHP Version: 7.3.31

SET SQL_MODE = "NO_AUTO_VALUE_ON_ZERO";
START TRANSACTION;
SET time_zone = "+00:00";


/*!40101 SET @OLD_CHARACTER_SET_CLIENT=@@CHARACTER_SET_CLIENT */;
/*!40101 SET @OLD_CHARACTER_SET_RESULTS=@@CHARACTER_SET_RESULTS */;
/*!40101 SET @OLD_COLLATION_CONNECTION=@@COLLATION_CONNECTION */;
/*!40101 SET NAMES utf8mb4 */;

--
-- Database: `ecomics`
--

-- --------------------------------------------------------

--
-- Table structure for table `cart`
--

CREATE TABLE `cart` (
  `Car_ID` int(11) NOT NULL,
  `Mem_ID` int(11) NOT NULL,
  `Pro_ID` int(11) NOT NULL,
  `Car_Amount` int(11) NOT NULL
) ENGINE=MyISAM DEFAULT CHARSET=utf8 COLLATE=utf8_unicode_ci;

-- --------------------------------------------------------

--
-- Table structure for table `count_page`
--

CREATE TABLE `count_page` (
  `Cou_ID` int(11) NOT NULL,
  `Cou_IP` varchar(20) COLLATE utf8_unicode_ci NOT NULL,
  `Cou_Date` date NOT NULL
) ENGINE=MyISAM DEFAULT CHARSET=utf8 COLLATE=utf8_unicode_ci;

--
-- Dumping data for table `count_page`
--

INSERT INTO `count_page` (`Cou_ID`, `Cou_IP`, `Cou_Date`) VALUES
(1, '::1', '2018-09-09'),
(2, '::1', '2018-09-09'),
(3, '::1', '2018-09-09'),
(4, '::1', '2018-09-09'),
(5, '::1', '2018-09-09'),
(6, '::1', '2018-09-09'),
(7, '127.0.0.1', '2021-11-10'),
(8, '127.0.0.1', '2021-11-10'),
(9, '127.0.0.1', '2021-11-10'),
(10, '127.0.0.1', '2021-11-10'),
(11, '127.0.0.1', '2021-11-10'),
(12, '127.0.0.1', '2021-11-10'),
(13, '127.0.0.1', '2021-11-10'),
(14, '::1', '2021-11-11'),
(15, '::1', '2021-11-11'),
(16, '::1', '2021-11-12'),
(17, '::1', '2021-11-12'),
(18, '::1', '2021-11-12'),
(19, '::1', '2021-11-12'),
(20, '::1', '2021-11-12'),
(21, '::1', '2021-11-12'),
(22, '::1', '2021-11-12'),
(23, '::1', '2021-11-12'),
(24, '::1', '2021-11-12'),
(25, '::1', '2021-11-12'),
(26, '::1', '2021-11-12'),
(27, '::1', '2021-11-12'),
(28, '127.0.0.1', '2021-11-12'),
(29, '127.0.0.1', '2021-11-12'),
(30, '127.0.0.1', '2021-11-12'),
(31, '127.0.0.1', '2021-11-12'),
(32, '127.0.0.1', '2021-11-12'),
(33, '127.0.0.1', '2021-11-12'),
(34, '127.0.0.1', '2021-11-12'),
(35, '127.0.0.1', '2021-11-12'),
(36, '127.0.0.1', '2021-11-12'),
(37, '127.0.0.1', '2021-11-12'),
(38, '127.0.0.1', '2021-11-12'),
(39, '127.0.0.1', '2021-11-12'),
(40, '127.0.0.1', '2021-11-12'),
(41, '127.0.0.1', '2021-11-12'),
(42, '127.0.0.1', '2021-11-12'),
(43, '127.0.0.1', '2021-11-12'),
(44, '127.0.0.1', '2021-11-12'),
(45, '127.0.0.1', '2021-11-12'),
(46, '127.0.0.1', '2021-11-12'),
(47, '127.0.0.1', '2021-11-12'),
(48, '127.0.0.1', '2021-11-12'),
(49, '127.0.0.1', '2021-11-12'),
(50, '127.0.0.1', '2021-11-12'),
(51, '127.0.0.1', '2021-11-12'),
(52, '127.0.0.1', '2021-11-12'),
(53, '127.0.0.1', '2021-11-12'),
(54, '127.0.0.1', '2021-11-12'),
(55, '127.0.0.1', '2021-11-12'),
(56, '127.0.0.1', '2021-11-12'),
(57, '127.0.0.1', '2021-11-12'),
(58, '127.0.0.1', '2021-11-12'),
(59, '127.0.0.1', '2021-11-12'),
(60, '127.0.0.1', '2021-11-12'),
(61, '127.0.0.1', '2021-11-12'),
(62, '127.0.0.1', '2021-11-12'),
(63, '127.0.0.1', '2021-11-12'),
(64, '127.0.0.1', '2021-11-12'),
(65, '127.0.0.1', '2021-11-12'),
(66, '127.0.0.1', '2021-11-12'),
(67, '127.0.0.1', '2021-11-12'),
(68, '127.0.0.1', '2021-11-12'),
(69, '127.0.0.1', '2021-11-12'),
(70, '127.0.0.1', '2021-11-12'),
(71, '127.0.0.1', '2021-11-12'),
(72, '127.0.0.1', '2021-11-12'),
(73, '127.0.0.1', '2021-11-12'),
(74, '127.0.0.1', '2021-11-12'),
(75, '127.0.0.1', '2021-11-12'),
(76, '127.0.0.1', '2021-11-12'),
(77, '127.0.0.1', '2021-11-12'),
(78, '127.0.0.1', '2021-11-12'),
(79, '127.0.0.1', '2021-11-12'),
(80, '127.0.0.1', '2021-11-12'),
(81, '127.0.0.1', '2021-11-12'),
(82, '127.0.0.1', '2021-11-12'),
(83, '127.0.0.1', '2021-11-12'),
(84, '127.0.0.1', '2021-11-12'),
(85, '127.0.0.1', '2021-11-12'),
(86, '127.0.0.1', '2021-11-12'),
(87, '127.0.0.1', '2021-11-12'),
(88, '127.0.0.1', '2021-11-12'),
(89, '127.0.0.1', '2021-11-12'),
(90, '127.0.0.1', '2021-11-12'),
(91, '127.0.0.1', '2021-11-12'),
(92, '127.0.0.1', '2021-11-12'),
(93, '127.0.0.1', '2021-11-12'),
(94, '127.0.0.1', '2021-11-12'),
(95, '127.0.0.1', '2021-11-12'),
(96, '127.0.0.1', '2021-11-12'),
(97, '127.0.0.1', '2021-11-12'),
(98, '127.0.0.1', '2021-11-12'),
(99, '127.0.0.1', '2021-11-12'),
(100, '127.0.0.1', '2021-11-12'),
(101, '127.0.0.1', '2021-11-12'),
(102, '127.0.0.1', '2021-11-12'),
(103, '127.0.0.1', '2021-11-12'),
(104, '127.0.0.1', '2021-11-12'),
(105, '127.0.0.1', '2021-11-12'),
(106, '127.0.0.1', '2021-11-12'),
(107, '127.0.0.1', '2021-11-12'),
(108, '127.0.0.1', '2021-11-12'),
(109, '127.0.0.1', '2021-11-12'),
(110, '127.0.0.1', '2021-11-12'),
(111, '127.0.0.1', '2021-11-12'),
(112, '127.0.0.1', '2021-11-12'),
(113, '127.0.0.1', '2021-11-12'),
(114, '127.0.0.1', '2021-11-12'),
(115, '127.0.0.1', '2021-11-12'),
(116, '127.0.0.1', '2021-11-12'),
(117, '127.0.0.1', '2021-11-12'),
(118, '127.0.0.1', '2021-11-12'),
(119, '127.0.0.1', '2021-11-12'),
(120, '127.0.0.1', '2021-11-12'),
(121, '127.0.0.1', '2021-11-12'),
(122, '127.0.0.1', '2021-11-12'),
(123, '127.0.0.1', '2021-11-12'),
(124, '127.0.0.1', '2021-11-12'),
(125, '127.0.0.1', '2021-11-12'),
(126, '127.0.0.1', '2021-11-12'),
(127, '127.0.0.1', '2021-11-12'),
(128, '127.0.0.1', '2021-11-12'),
(129, '127.0.0.1', '2021-11-12'),
(130, '127.0.0.1', '2021-11-12'),
(131, '127.0.0.1', '2021-11-12'),
(132, '127.0.0.1', '2021-11-12'),
(133, '127.0.0.1', '2021-11-12'),
(134, '127.0.0.1', '2021-11-12'),
(135, '127.0.0.1', '2021-11-12'),
(136, '127.0.0.1', '2021-11-12'),
(137, '127.0.0.1', '2021-11-12'),
(138, '127.0.0.1', '2021-11-12'),
(139, '127.0.0.1', '2021-11-12'),
(140, '127.0.0.1', '2021-11-12'),
(141, '127.0.0.1', '2021-11-12'),
(142, '127.0.0.1', '2021-11-12'),
(143, '127.0.0.1', '2021-11-12'),
(144, '127.0.0.1', '2021-11-12'),
(145, '127.0.0.1', '2021-11-12'),
(146, '127.0.0.1', '2021-11-12'),
(147, '127.0.0.1', '2021-11-12'),
(148, '127.0.0.1', '2021-11-12'),
(149, '127.0.0.1', '2021-11-12'),
(150, '127.0.0.1', '2021-11-12'),
(151, '127.0.0.1', '2021-11-12'),
(152, '127.0.0.1', '2021-11-12'),
(153, '127.0.0.1', '2021-11-12'),
(154, '127.0.0.1', '2021-11-12'),
(155, '127.0.0.1', '2021-11-12'),
(156, '127.0.0.1', '2021-11-12'),
(157, '127.0.0.1', '2021-11-12'),
(158, '127.0.0.1', '2021-11-12'),
(159, '127.0.0.1', '2021-11-12'),
(160, '127.0.0.1', '2021-11-12'),
(161, '127.0.0.1', '2021-11-12'),
(162, '127.0.0.1', '2021-11-12'),
(163, '127.0.0.1', '2021-11-12'),
(164, '127.0.0.1', '2021-11-12'),
(165, '127.0.0.1', '2021-11-12'),
(166, '127.0.0.1', '2021-11-12'),
(167, '127.0.0.1', '2021-11-12'),
(168, '127.0.0.1', '2021-11-12'),
(169, '127.0.0.1', '2021-11-12'),
(170, '127.0.0.1', '2021-11-12'),
(171, '127.0.0.1', '2021-11-12'),
(172, '127.0.0.1', '2021-11-12'),
(173, '127.0.0.1', '2021-11-12'),
(174, '127.0.0.1', '2021-11-12'),
(175, '127.0.0.1', '2021-11-12'),
(176, '127.0.0.1', '2021-11-12'),
(177, '127.0.0.1', '2021-11-12'),
(178, '127.0.0.1', '2021-11-12'),
(179, '127.0.0.1', '2021-11-12'),
(180, '127.0.0.1', '2021-11-12'),
(181, '127.0.0.1', '2021-11-12'),
(182, '127.0.0.1', '2021-11-12'),
(183, '127.0.0.1', '2021-11-12'),
(184, '127.0.0.1', '2021-11-12'),
(185, '127.0.0.1', '2021-11-12'),
(186, '127.0.0.1', '2021-11-12'),
(187, '127.0.0.1', '2021-11-12'),
(188, '127.0.0.1', '2021-11-12'),
(189, '127.0.0.1', '2021-11-12'),
(190, '127.0.0.1', '2021-11-12'),
(191, '127.0.0.1', '2021-11-12'),
(192, '127.0.0.1', '2021-11-12'),
(193, '127.0.0.1', '2021-11-12'),
(194, '127.0.0.1', '2021-11-12'),
(195, '127.0.0.1', '2021-11-12'),
(196, '127.0.0.1', '2021-11-12'),
(197, '127.0.0.1', '2021-11-12'),
(198, '127.0.0.1', '2021-11-12'),
(199, '127.0.0.1', '2021-11-12'),
(200, '127.0.0.1', '2021-11-12'),
(201, '127.0.0.1', '2021-11-12'),
(202, '127.0.0.1', '2021-11-12'),
(203, '127.0.0.1', '2021-11-12'),
(204, '127.0.0.1', '2021-11-12'),
(205, '127.0.0.1', '2021-11-12'),
(206, '127.0.0.1', '2021-11-12'),
(207, '127.0.0.1', '2021-11-12'),
(208, '127.0.0.1', '2021-11-12'),
(209, '127.0.0.1', '2021-11-12'),
(210, '127.0.0.1', '2021-11-12'),
(211, '127.0.0.1', '2021-11-12'),
(212, '127.0.0.1', '2021-11-12'),
(213, '127.0.0.1', '2021-11-12'),
(214, '127.0.0.1', '2021-11-12'),
(215, '127.0.0.1', '2021-11-12'),
(216, '127.0.0.1', '2021-11-12'),
(217, '127.0.0.1', '2021-11-12'),
(218, '127.0.0.1', '2021-11-12'),
(219, '127.0.0.1', '2021-11-12'),
(220, '127.0.0.1', '2021-11-12'),
(221, '127.0.0.1', '2021-11-12'),
(222, '127.0.0.1', '2021-11-12'),
(223, '127.0.0.1', '2021-11-12'),
(224, '127.0.0.1', '2021-11-12'),
(225, '127.0.0.1', '2021-11-12'),
(226, '127.0.0.1', '2021-11-12'),
(227, '127.0.0.1', '2021-11-12'),
(228, '127.0.0.1', '2021-11-12'),
(229, '127.0.0.1', '2021-11-12'),
(230, '127.0.0.1', '2021-11-12'),
(231, '127.0.0.1', '2021-11-12'),
(232, '127.0.0.1', '2021-11-12'),
(233, '127.0.0.1', '2021-11-12'),
(234, '127.0.0.1', '2021-11-12'),
(235, '127.0.0.1', '2021-11-12'),
(236, '127.0.0.1', '2021-11-12'),
(237, '127.0.0.1', '2021-11-12'),
(238, '127.0.0.1', '2021-11-12'),
(239, '127.0.0.1', '2021-11-12'),
(240, '127.0.0.1', '2021-11-12'),
(241, '127.0.0.1', '2021-11-12'),
(242, '127.0.0.1', '2021-11-12'),
(243, '127.0.0.1', '2021-11-12'),
(244, '127.0.0.1', '2021-11-12'),
(245, '127.0.0.1', '2021-11-12'),
(246, '127.0.0.1', '2021-11-12'),
(247, '127.0.0.1', '2021-11-12'),
(248, '127.0.0.1', '2021-11-12'),
(249, '127.0.0.1', '2021-11-13'),
(250, '127.0.0.1', '2021-11-13'),
(251, '127.0.0.1', '2021-11-13'),
(252, '127.0.0.1', '2021-11-13'),
(253, '127.0.0.1', '2021-11-13'),
(254, '127.0.0.1', '2021-11-13'),
(255, '127.0.0.1', '2021-11-13'),
(256, '127.0.0.1', '2021-11-13'),
(257, '127.0.0.1', '2021-11-13'),
(258, '127.0.0.1', '2021-11-13'),
(259, '127.0.0.1', '2021-11-13'),
(260, '127.0.0.1', '2021-11-13'),
(261, '127.0.0.1', '2021-11-13'),
(262, '127.0.0.1', '2021-11-13'),
(263, '127.0.0.1', '2021-11-13'),
(264, '127.0.0.1', '2021-11-13'),
(265, '127.0.0.1', '2021-11-13'),
(266, '127.0.0.1', '2021-11-13'),
(267, '127.0.0.1', '2021-11-13'),
(268, '127.0.0.1', '2021-11-13'),
(269, '127.0.0.1', '2021-11-13'),
(270, '127.0.0.1', '2021-11-13'),
(271, '127.0.0.1', '2021-11-13'),
(272, '127.0.0.1', '2021-11-13'),
(273, '127.0.0.1', '2021-11-13'),
(274, '127.0.0.1', '2021-11-13'),
(275, '127.0.0.1', '2021-11-13'),
(276, '127.0.0.1', '2021-11-13'),
(277, '127.0.0.1', '2021-11-13'),
(278, '127.0.0.1', '2021-11-13'),
(279, '127.0.0.1', '2021-11-13'),
(280, '127.0.0.1', '2021-11-13'),
(281, '127.0.0.1', '2021-11-13'),
(282, '127.0.0.1', '2021-11-13'),
(283, '127.0.0.1', '2021-11-13'),
(284, '127.0.0.1', '2021-11-13'),
(285, '127.0.0.1', '2021-11-13'),
(286, '127.0.0.1', '2021-11-13'),
(287, '127.0.0.1', '2021-11-13'),
(288, '127.0.0.1', '2021-11-13'),
(289, '127.0.0.1', '2021-11-13'),
(290, '127.0.0.1', '2021-11-13'),
(291, '127.0.0.1', '2021-11-13'),
(292, '127.0.0.1', '2021-11-13'),
(293, '127.0.0.1', '2021-11-13'),
(294, '127.0.0.1', '2021-11-13'),
(295, '127.0.0.1', '2021-11-13'),
(296, '127.0.0.1', '2021-11-13'),
(297, '127.0.0.1', '2021-11-13'),
(298, '127.0.0.1', '2021-11-13'),
(299, '127.0.0.1', '2021-11-13'),
(300, '127.0.0.1', '2021-11-13'),
(301, '127.0.0.1', '2021-11-13'),
(302, '127.0.0.1', '2021-11-13'),
(303, '127.0.0.1', '2021-11-13'),
(304, '127.0.0.1', '2021-11-13'),
(305, '127.0.0.1', '2021-11-13'),
(306, '127.0.0.1', '2021-11-13'),
(307, '127.0.0.1', '2021-11-13'),
(308, '127.0.0.1', '2021-11-13'),
(309, '127.0.0.1', '2021-11-13'),
(310, '127.0.0.1', '2021-11-13'),
(311, '127.0.0.1', '2021-11-13'),
(312, '127.0.0.1', '2021-11-13'),
(313, '127.0.0.1', '2021-11-13'),
(314, '127.0.0.1', '2021-11-13'),
(315, '127.0.0.1', '2021-11-13'),
(316, '127.0.0.1', '2021-11-13'),
(317, '127.0.0.1', '2021-11-13'),
(318, '127.0.0.1', '2021-11-13'),
(319, '127.0.0.1', '2021-11-13'),
(320, '127.0.0.1', '2021-11-13'),
(321, '127.0.0.1', '2021-11-13'),
(322, '127.0.0.1', '2021-11-13'),
(323, '127.0.0.1', '2021-11-13'),
(324, '127.0.0.1', '2021-11-13'),
(325, '127.0.0.1', '2021-11-13'),
(326, '127.0.0.1', '2021-11-13'),
(327, '127.0.0.1', '2021-11-13'),
(328, '127.0.0.1', '2021-11-13'),
(329, '127.0.0.1', '2021-11-13'),
(330, '127.0.0.1', '2021-11-13'),
(331, '127.0.0.1', '2021-11-13'),
(332, '127.0.0.1', '2021-11-13'),
(333, '127.0.0.1', '2021-11-13'),
(334, '127.0.0.1', '2021-11-13'),
(335, '127.0.0.1', '2021-11-13'),
(336, '127.0.0.1', '2021-11-13'),
(337, '127.0.0.1', '2021-11-13'),
(338, '127.0.0.1', '2021-11-13'),
(339, '127.0.0.1', '2021-11-13'),
(340, '127.0.0.1', '2021-11-13'),
(341, '127.0.0.1', '2021-11-13'),
(342, '127.0.0.1', '2021-11-13'),
(343, '127.0.0.1', '2021-11-13'),
(344, '127.0.0.1', '2021-11-13'),
(345, '127.0.0.1', '2021-11-13'),
(346, '127.0.0.1', '2021-11-13'),
(347, '127.0.0.1', '2021-11-13'),
(348, '127.0.0.1', '2021-11-13'),
(349, '127.0.0.1', '2021-11-13'),
(350, '127.0.0.1', '2021-11-13'),
(351, '127.0.0.1', '2021-11-13'),
(352, '127.0.0.1', '2021-11-13'),
(353, '127.0.0.1', '2021-11-13'),
(354, '127.0.0.1', '2021-11-13'),
(355, '127.0.0.1', '2021-11-13'),
(356, '127.0.0.1', '2021-11-13'),
(357, '127.0.0.1', '2021-11-13'),
(358, '127.0.0.1', '2021-11-13'),
(359, '127.0.0.1', '2021-11-13'),
(360, '127.0.0.1', '2021-11-13'),
(361, '127.0.0.1', '2021-11-13'),
(362, '127.0.0.1', '2021-11-13'),
(363, '127.0.0.1', '2021-11-13'),
(364, '127.0.0.1', '2021-11-13'),
(365, '127.0.0.1', '2021-11-13'),
(366, '127.0.0.1', '2021-11-13'),
(367, '127.0.0.1', '2021-11-13'),
(368, '127.0.0.1', '2021-11-13'),
(369, '127.0.0.1', '2021-11-13'),
(370, '127.0.0.1', '2021-11-13'),
(371, '127.0.0.1', '2021-11-13'),
(372, '127.0.0.1', '2021-11-13'),
(373, '127.0.0.1', '2021-11-13'),
(374, '127.0.0.1', '2021-11-13'),
(375, '127.0.0.1', '2021-11-13'),
(376, '127.0.0.1', '2021-11-13'),
(377, '127.0.0.1', '2021-11-13'),
(378, '127.0.0.1', '2021-11-13'),
(379, '127.0.0.1', '2021-11-13'),
(380, '127.0.0.1', '2021-11-13'),
(381, '127.0.0.1', '2021-11-13'),
(382, '127.0.0.1', '2021-11-13'),
(383, '127.0.0.1', '2021-11-13'),
(384, '127.0.0.1', '2021-11-13'),
(385, '127.0.0.1', '2021-11-13'),
(386, '127.0.0.1', '2021-11-13'),
(387, '127.0.0.1', '2021-11-13'),
(388, '127.0.0.1', '2021-11-13'),
(389, '127.0.0.1', '2021-11-13'),
(390, '127.0.0.1', '2021-11-13'),
(391, '127.0.0.1', '2021-11-13'),
(392, '127.0.0.1', '2021-11-13'),
(393, '127.0.0.1', '2021-11-13'),
(394, '127.0.0.1', '2021-11-13'),
(395, '127.0.0.1', '2021-11-13'),
(396, '127.0.0.1', '2021-11-13'),
(397, '127.0.0.1', '2021-11-13'),
(398, '127.0.0.1', '2021-11-13'),
(399, '127.0.0.1', '2021-11-13'),
(400, '127.0.0.1', '2021-11-13'),
(401, '127.0.0.1', '2021-11-13'),
(402, '127.0.0.1', '2021-11-13'),
(403, '127.0.0.1', '2021-11-13'),
(404, '127.0.0.1', '2021-11-13'),
(405, '127.0.0.1', '2021-11-13'),
(406, '127.0.0.1', '2021-11-13'),
(407, '127.0.0.1', '2021-11-13'),
(408, '127.0.0.1', '2021-11-13'),
(409, '127.0.0.1', '2021-11-13'),
(410, '127.0.0.1', '2021-11-13'),
(411, '127.0.0.1', '2021-11-13'),
(412, '127.0.0.1', '2021-11-13'),
(413, '127.0.0.1', '2021-11-13'),
(414, '127.0.0.1', '2021-11-13'),
(415, '127.0.0.1', '2021-11-13'),
(416, '127.0.0.1', '2021-11-13'),
(417, '127.0.0.1', '2021-11-13'),
(418, '127.0.0.1', '2021-11-13'),
(419, '127.0.0.1', '2021-11-13'),
(420, '127.0.0.1', '2021-11-13'),
(421, '127.0.0.1', '2021-11-13'),
(422, '127.0.0.1', '2021-11-13'),
(423, '127.0.0.1', '2021-11-13'),
(424, '127.0.0.1', '2021-11-13'),
(425, '127.0.0.1', '2021-11-13'),
(426, '127.0.0.1', '2021-11-13'),
(427, '127.0.0.1', '2021-11-13'),
(428, '127.0.0.1', '2021-11-13'),
(429, '127.0.0.1', '2021-11-13'),
(430, '127.0.0.1', '2021-11-13'),
(431, '127.0.0.1', '2021-11-13'),
(432, '127.0.0.1', '2021-11-13'),
(433, '127.0.0.1', '2021-11-13'),
(434, '127.0.0.1', '2021-11-13'),
(435, '127.0.0.1', '2021-11-13'),
(436, '127.0.0.1', '2021-11-13'),
(437, '127.0.0.1', '2021-11-13'),
(438, '127.0.0.1', '2021-11-13'),
(439, '127.0.0.1', '2021-11-13'),
(440, '127.0.0.1', '2021-11-13'),
(441, '127.0.0.1', '2021-11-13'),
(442, '127.0.0.1', '2021-11-13'),
(443, '127.0.0.1', '2021-11-13'),
(444, '127.0.0.1', '2021-11-13'),
(445, '127.0.0.1', '2021-11-13'),
(446, '127.0.0.1', '2021-11-13'),
(447, '127.0.0.1', '2021-11-13'),
(448, '127.0.0.1', '2021-11-13'),
(449, '127.0.0.1', '2021-11-13'),
(450, '127.0.0.1', '2021-11-13'),
(451, '127.0.0.1', '2021-11-13'),
(452, '127.0.0.1', '2021-11-13'),
(453, '127.0.0.1', '2021-11-13'),
(454, '127.0.0.1', '2021-11-13'),
(455, '127.0.0.1', '2021-11-13'),
(456, '127.0.0.1', '2021-11-13'),
(457, '127.0.0.1', '2021-11-13'),
(458, '127.0.0.1', '2021-11-13'),
(459, '127.0.0.1', '2021-11-13'),
(460, '127.0.0.1', '2021-11-13'),
(461, '127.0.0.1', '2021-11-13'),
(462, '127.0.0.1', '2021-11-13'),
(463, '127.0.0.1', '2021-11-13'),
(464, '127.0.0.1', '2021-11-13'),
(465, '127.0.0.1', '2021-11-13'),
(466, '127.0.0.1', '2021-11-13'),
(467, '127.0.0.1', '2021-11-13'),
(468, '127.0.0.1', '2021-11-13'),
(469, '127.0.0.1', '2021-11-13'),
(470, '127.0.0.1', '2021-11-13'),
(471, '127.0.0.1', '2021-11-13'),
(472, '127.0.0.1', '2021-11-13'),
(473, '127.0.0.1', '2021-11-13'),
(474, '127.0.0.1', '2021-11-13'),
(475, '127.0.0.1', '2021-11-13'),
(476, '127.0.0.1', '2021-11-13'),
(477, '127.0.0.1', '2021-11-13'),
(478, '127.0.0.1', '2021-11-13'),
(479, '127.0.0.1', '2021-11-13'),
(480, '127.0.0.1', '2021-11-13'),
(481, '127.0.0.1', '2021-11-13'),
(482, '127.0.0.1', '2021-11-13'),
(483, '127.0.0.1', '2021-11-13'),
(484, '127.0.0.1', '2021-11-13'),
(485, '127.0.0.1', '2021-11-13'),
(486, '127.0.0.1', '2021-11-13'),
(487, '127.0.0.1', '2021-11-13'),
(488, '127.0.0.1', '2021-11-13'),
(489, '127.0.0.1', '2021-11-13'),
(490, '127.0.0.1', '2021-11-13'),
(491, '127.0.0.1', '2021-11-13'),
(492, '127.0.0.1', '2021-11-13'),
(493, '127.0.0.1', '2021-11-13'),
(494, '127.0.0.1', '2021-11-13'),
(495, '127.0.0.1', '2021-11-13'),
(496, '127.0.0.1', '2021-11-13'),
(497, '127.0.0.1', '2021-11-13'),
(498, '127.0.0.1', '2021-11-13'),
(499, '127.0.0.1', '2021-11-13'),
(500, '127.0.0.1', '2021-11-13'),
(501, '127.0.0.1', '2021-11-13'),
(502, '127.0.0.1', '2021-11-13'),
(503, '127.0.0.1', '2021-11-13'),
(504, '127.0.0.1', '2021-11-14'),
(505, '127.0.0.1', '2021-11-14'),
(506, '127.0.0.1', '2021-11-14'),
(507, '127.0.0.1', '2021-11-14'),
(508, '127.0.0.1', '2021-11-14'),
(509, '127.0.0.1', '2021-11-14'),
(510, '127.0.0.1', '2021-11-14'),
(511, '127.0.0.1', '2021-11-14'),
(512, '127.0.0.1', '2021-11-14'),
(513, '127.0.0.1', '2021-11-14'),
(514, '127.0.0.1', '2021-11-14'),
(515, '127.0.0.1', '2021-11-14'),
(516, '127.0.0.1', '2021-11-14'),
(517, '127.0.0.1', '2021-11-14'),
(518, '127.0.0.1', '2021-11-14'),
(519, '127.0.0.1', '2021-11-14'),
(520, '127.0.0.1', '2021-11-14'),
(521, '127.0.0.1', '2021-11-14'),
(522, '127.0.0.1', '2021-11-14'),
(523, '127.0.0.1', '2021-11-14'),
(524, '127.0.0.1', '2021-11-14'),
(525, '127.0.0.1', '2021-11-14'),
(526, '127.0.0.1', '2021-11-14'),
(527, '127.0.0.1', '2021-11-14'),
(528, '127.0.0.1', '2021-11-14'),
(529, '127.0.0.1', '2021-11-14'),
(530, '127.0.0.1', '2021-11-14'),
(531, '127.0.0.1', '2021-11-14'),
(532, '127.0.0.1', '2021-11-14'),
(533, '127.0.0.1', '2021-11-14'),
(534, '127.0.0.1', '2021-11-14'),
(535, '127.0.0.1', '2021-11-14'),
(536, '127.0.0.1', '2021-11-14'),
(537, '127.0.0.1', '2021-11-14'),
(538, '127.0.0.1', '2021-11-14'),
(539, '127.0.0.1', '2021-11-14'),
(540, '127.0.0.1', '2021-11-14'),
(541, '127.0.0.1', '2021-11-14'),
(542, '127.0.0.1', '2021-11-14'),
(543, '127.0.0.1', '2021-11-14'),
(544, '127.0.0.1', '2021-11-14'),
(545, '127.0.0.1', '2021-11-14'),
(546, '127.0.0.1', '2021-11-14'),
(547, '127.0.0.1', '2021-11-14'),
(548, '127.0.0.1', '2021-11-14'),
(549, '127.0.0.1', '2021-11-14'),
(550, '127.0.0.1', '2021-11-14'),
(551, '127.0.0.1', '2021-11-14'),
(552, '127.0.0.1', '2021-11-14');

-- --------------------------------------------------------

--
-- Table structure for table `member`
--

CREATE TABLE `member` (
  `Mem_ID` int(11) NOT NULL,
  `Mem_User` varchar(30) COLLATE utf8_unicode_ci NOT NULL,
  `Mem_Pass` varchar(30) COLLATE utf8_unicode_ci NOT NULL,
  `Mem_Name` varchar(100) COLLATE utf8_unicode_ci NOT NULL,
  `Mem_Email` varchar(50) COLLATE utf8_unicode_ci NOT NULL,
  `Mem_Tel` varchar(15) COLLATE utf8_unicode_ci NOT NULL,
  `Mem_Address` text COLLATE utf8_unicode_ci NOT NULL,
  `Mem_Date` date NOT NULL,
  `Mem_Permission` int(11) NOT NULL COMMENT '1 = ใช้งาน 2 = ยกเลิก',
  `Mem_Status` int(11) NOT NULL COMMENT '1 = admin 2 = user'
) ENGINE=MyISAM DEFAULT CHARSET=utf8 COLLATE=utf8_unicode_ci;

--
-- Dumping data for table `member`
--

INSERT INTO `member` (`Mem_ID`, `Mem_User`, `Mem_Pass`, `Mem_Name`, `Mem_Email`, `Mem_Tel`, `Mem_Address`, `Mem_Date`, `Mem_Permission`, `Mem_Status`) VALUES
(1, 'admin', '1234', 'administrator', 'biglovemo@hotmail.com', '', '', '2017-03-11', 1, 1),
(5, 'topza', 'topza1412', 'aa bb ', 'topza1412@gmail.com', '0814567899', '34/567', '2017-03-19', 1, 2),
(6, 'laplieeee', 'palyy014143', 'Charinrat Sompong', 'slowg00004@gmail.com', '0834392792', 'sf;lsefefefe', '2021-11-10', 1, 2);

-- --------------------------------------------------------

--
-- Table structure for table `orders`
--

CREATE TABLE `orders` (
  `Ord_ID` int(11) NOT NULL,
  `Ord_Number` varchar(20) COLLATE utf8_unicode_ci NOT NULL,
  `Mem_ID` int(11) NOT NULL,
  `Ord_Note` text COLLATE utf8_unicode_ci NOT NULL,
  `Ord_AddressSend` text COLLATE utf8_unicode_ci NOT NULL,
  `Ord_Shipping` varchar(5) COLLATE utf8_unicode_ci NOT NULL,
  `Ord_AmountTotal` varchar(20) COLLATE utf8_unicode_ci NOT NULL,
  `Ord_PriceTotal` varchar(20) COLLATE utf8_unicode_ci NOT NULL,
  `Ord_DateShipping` varchar(20) COLLATE utf8_unicode_ci NOT NULL,
  `Ord_NumberShipping` varchar(30) COLLATE utf8_unicode_ci NOT NULL,
  `Ord_DateBuy` date NOT NULL,
  `Ord_Status` int(11) NOT NULL COMMENT '0 = รอชำระเงิน 1= ตรวจสอบชำระเงิน 2 = ชำระเงินเรียบร้อย 3 = จัดส่งเรียบร้อย 4 = ยกเลิกรายการ'
) ENGINE=MyISAM DEFAULT CHARSET=utf8 COLLATE=utf8_unicode_ci;

--
-- Dumping data for table `orders`
--

INSERT INTO `orders` (`Ord_ID`, `Ord_Number`, `Mem_ID`, `Ord_Note`, `Ord_AddressSend`, `Ord_Shipping`, `Ord_AmountTotal`, `Ord_PriceTotal`, `Ord_DateShipping`, `Ord_NumberShipping`, `Ord_DateBuy`, `Ord_Status`) VALUES
(1, '101121234822', 6, '', 'sf;lsefefefe', '50', '2', '490', '', '', '2021-11-10', 4),
(2, '121121193829', 6, '', 'sf;lsefefefe', '50', '1', '300', '', '', '2021-11-12', 4),
(3, '131121195208', 6, '', 'sf;lsefefefe', '50', '1', '130', '', '', '2021-11-13', 0),
(4, '131121195306', 6, '', 'sf;lsefefefe', '80', '1', '160', '', '', '2021-11-13', 0),
(5, '131121195417', 6, '', 'sf;lsefefefe', '80', '1', '160', '', '', '2021-11-13', 0),
(6, '131121195439', 6, '', 'sf;lsefefefe', '50', '2', '210', '', '', '2021-11-13', 0),
(7, '131121195724', 6, '', 'sf;lsefefefe', '50', '2', '210', '', '', '2021-11-13', 0),
(8, '131121200330', 6, '', 'sf;lsefefefe', '50', '2', '210', '', '', '2021-11-13', 0),
(9, '131121230631', 6, '', 'sf;lsefefefe', '50', '3', '275', '', '', '2021-11-13', 0);

-- --------------------------------------------------------

--
-- Table structure for table `order_detail`
--

CREATE TABLE `order_detail` (
  `Odd_ID` int(11) NOT NULL,
  `Ord_ID` int(11) NOT NULL,
  `Pro_ID` int(11) NOT NULL,
  `Odd_Amount` int(11) NOT NULL
) ENGINE=MyISAM DEFAULT CHARSET=utf8 COLLATE=utf8_unicode_ci;

--
-- Dumping data for table `order_detail`
--

INSERT INTO `order_detail` (`Odd_ID`, `Ord_ID`, `Pro_ID`, `Odd_Amount`) VALUES
(1, 1, 6, 1),
(2, 1, 5, 1),
(3, 2, 6, 1),
(4, 3, 4, 1),
(5, 4, 4, 1),
(6, 5, 4, 1),
(7, 6, 30, 1),
(8, 7, 30, 1),
(9, 8, 20, 1),
(10, 8, 4, 1),
(11, 9, 28, 1),
(12, 9, 20, 1),
(13, 9, 30, 1);

-- --------------------------------------------------------

--
-- Table structure for table `payment`
--

CREATE TABLE `payment` (
  `Pay_ID` int(11) NOT NULL,
  `Ord_ID` int(11) NOT NULL,
  `Pay_Name` varchar(100) COLLATE utf8_unicode_ci NOT NULL,
  `Pay_Tel` varchar(15) COLLATE utf8_unicode_ci NOT NULL,
  `Pay_File` varchar(20) COLLATE utf8_unicode_ci NOT NULL,
  `Pay_Price` double(9,2) NOT NULL,
  `Pay_Bank` varchar(50) COLLATE utf8_unicode_ci NOT NULL,
  `Pay_Detail` text COLLATE utf8_unicode_ci NOT NULL,
  `Pay_Date` date NOT NULL,
  `Pay_Time` time NOT NULL,
  `Pay_Status` int(11) NOT NULL COMMENT '0 = ตรวจสอบ1 = ชำระเรียบร้อย'
) ENGINE=MyISAM DEFAULT CHARSET=utf8 COLLATE=utf8_unicode_ci;

-- --------------------------------------------------------

--
-- Table structure for table `product`
--

CREATE TABLE `product` (
  `Pro_ID` int(6) UNSIGNED ZEROFILL NOT NULL,
  `Pro_Img` varchar(20) COLLATE utf8_unicode_ci NOT NULL,
  `Pro_Name` varchar(100) COLLATE utf8_unicode_ci NOT NULL,
  `Pro_Detail` text COLLATE utf8_unicode_ci NOT NULL,
  `Pro_Price` double(7,2) NOT NULL,
  `Pro_Amount` int(11) NOT NULL
) ENGINE=MyISAM DEFAULT CHARSET=utf8 COLLATE=utf8_unicode_ci;

--
-- Dumping data for table `product`
--

INSERT INTO `product` (`Pro_ID`, `Pro_Img`, `Pro_Name`, `Pro_Detail`, `Pro_Price`, `Pro_Amount`) VALUES
(000001, '1.png', 'เกิดใหม่ทั้งทีก็เป็นสไลม์ไปซะแล้ว เล่ม 14', 'จำนวนหน้า 154 , พิมพ์ครั้งที่ 2', 90.00, 20),
(000002, '2.png', 'เกิดใหม่ทั้งทีก็เป็นสไลม์ไปซะแล้ว เล่ม 3', 'จำนวนหน้า 154 , พิมพ์ครั้งที่ 3', 90.00, 15),
(000003, '3.png', 'มันผิดรึไงถ้าใจอยากจะพบรักในดันเจี้ยน เล่ม 10', 'จำนวนหน้า 151 , พิมพ์ครั้งที่ 1', 70.00, 14),
(000004, '4.png', 'มันผิดรึไงถ้าใจอยากจะพบรักในดันเจี้ยน เล่ม 4', 'จำนวนหน้า 85 , พิมพ์ครั้งที่ 1', 80.00, 7),
(000005, '5.png', 'Goblin Slayer เล่ม 3', 'จำนวนหน้า 98 , พิมพ์ครั้งที่ 1', 80.00, 16),
(000006, '6.png', 'Goblin Slayer เล่ม 1', 'จำนวนหน้า 99 , พิมพ์ครั้งที่ 1', 80.00, 8),
(000007, '7.png', 'หลานจอมปราชญ์ เล่ม 1', 'จำนวนหน้า 78 , พิมพ์ครั้งที่ 1', 80.00, 15),
(000008, '8.png', 'หลานจอมปราชญ์ เล่ม 2', 'จำนวนหน้า 97 , พิมพ์ครั้งที่ 1', 80.00, 3),
(000009, '9.png', 'Nanatsu no Taizai เล่ม 41', 'จำนวนหน้า 86, พิมพ์ครั้งที่ 3', 90.00, 12),
(000010, '10.png', 'Nanatsu no Taizai เล่ม 40', 'จำนวนหน้า 102, พิมพ์ครั้งที่ 3', 90.00, 1),
(000011, '11.png', 'Hunter x Hunter เล่ม 1', 'จำนวนหน้า 86, พิมพ์ครั้งที่ 1', 85.00, 16),
(000012, '12.png', 'Hunter x Hunter เล่ม 7', 'จำนวนหน้า 89, พิมพ์ครั้งที่ 1', 85.00, 20),
(000013, '13.png', 'ชมรมคนไร้เพื่อน เล่ม 1', 'จำนวนหน้า 96, พิมพ์ครั้งที่ 1', 60.00, 0),
(000014, '14.png', 'ชมรมคนไร้เพื่อน เล่ม 2', 'จำนวนหน้า 92, พิมพ์ครั้งที่ 1', 60.00, 2),
(000015, '15.png', 'Horimiya เล่ม 1', 'จำนวนหน้า 95, พิมพ์ครั้งที่ 1', 55.00, 2),
(000016, '16.png', 'Horimiya เล่ม 13', 'จำนวนหน้า 94, พิมพ์ครั้งที่ 1', 65.00, 20),
(000017, '17.png', 'Isshuukan Friends เล่ม 1', 'จำนวนหน้า 87, พิมพ์ครั้งที่ 1', 65.00, 2),
(000018, '18.png', 'Isshuukan Friends เล่ม 5', 'จำนวนหน้า 96, พิมพ์ครั้งที่ 1', 65.00, 10),
(000019, '19.png', 'สะดุดรักยัยแฟนเช่า เล่ม 1', 'จำนวนหน้า 96, พิมพ์ครั้งที่ 1', 80.00, 9),
(000020, '20.png', 'สะดุดรักยัยแฟนเช่า เล่ม 12', 'จำนวนหน้า 103, พิมพ์ครั้งที่ 1', 80.00, -1),
(000021, '21.png', 'เจ้าสาวผมเป็นแฝด 5  เล่ม 7', 'จำนวนหน้า 89, พิมพ์ครั้งที่ 1', 80.00, 5),
(000022, '22.png', 'เจ้าสาวผมเป็นแฝด 5  เล่ม 9', 'จำนวนหน้า 89, พิมพ์ครั้งที่ 1', 80.00, 0),
(000023, '23.png', 'Kuroko no Basket เล่ม 8', 'จำนวนหน้า 92, พิมพ์ครั้งที่ 3', 80.00, 0),
(000024, '24.png', 'Kuroko no Basket เล่ม 15', 'จำนวนหน้า 92, พิมพ์ครั้งที่ 3', 80.00, 2),
(000025, '25.png', 'The Prince of Tennis เล่ม 7', 'จำนวนหน้า 89, พิมพ์ครั้งที่ 2', 65.00, 0),
(000026, '26.png', 'The Prince of Tennis เล่ม 19', 'จำนวนหน้า 93, พิมพ์ครั้งที่ 2', 65.00, 8),
(000027, '27.png', 'Ace of Diamond เล่ม 1', 'จำนวนหน้า 95, พิมพ์ครั้งที่ 1', 65.00, 1),
(000028, '28.png', 'Ace of Diamond เล่ม 2', 'จำนวนหน้า 102, พิมพ์ครั้งที่ 1', 65.00, 2),
(000029, '29.png', 'love live เล่ม 2', 'จำนวนหน้า 98, พิมพ์ครั้งที่ 1', 80.00, 1),
(000030, '30.png', 'love live เล่ม 1', 'จำนวนหน้า 10, พิมพ์ครั้งที่ 1', 80.00, -1);

--
-- Indexes for dumped tables
--

--
-- Indexes for table `cart`
--
ALTER TABLE `cart`
  ADD PRIMARY KEY (`Car_ID`);

--
-- Indexes for table `count_page`
--
ALTER TABLE `count_page`
  ADD PRIMARY KEY (`Cou_ID`);

--
-- Indexes for table `member`
--
ALTER TABLE `member`
  ADD PRIMARY KEY (`Mem_ID`);

--
-- Indexes for table `orders`
--
ALTER TABLE `orders`
  ADD PRIMARY KEY (`Ord_ID`);

--
-- Indexes for table `order_detail`
--
ALTER TABLE `order_detail`
  ADD PRIMARY KEY (`Odd_ID`);

--
-- Indexes for table `payment`
--
ALTER TABLE `payment`
  ADD PRIMARY KEY (`Pay_ID`);

--
-- Indexes for table `product`
--
ALTER TABLE `product`
  ADD PRIMARY KEY (`Pro_ID`);

--
-- AUTO_INCREMENT for dumped tables
--

--
-- AUTO_INCREMENT for table `cart`
--
ALTER TABLE `cart`
  MODIFY `Car_ID` int(11) NOT NULL AUTO_INCREMENT, AUTO_INCREMENT=12;

--
-- AUTO_INCREMENT for table `count_page`
--
ALTER TABLE `count_page`
  MODIFY `Cou_ID` int(11) NOT NULL AUTO_INCREMENT, AUTO_INCREMENT=553;

--
-- AUTO_INCREMENT for table `member`
--
ALTER TABLE `member`
  MODIFY `Mem_ID` int(11) NOT NULL AUTO_INCREMENT, AUTO_INCREMENT=7;

--
-- AUTO_INCREMENT for table `orders`
--
ALTER TABLE `orders`
  MODIFY `Ord_ID` int(11) NOT NULL AUTO_INCREMENT, AUTO_INCREMENT=10;

--
-- AUTO_INCREMENT for table `order_detail`
--
ALTER TABLE `order_detail`
  MODIFY `Odd_ID` int(11) NOT NULL AUTO_INCREMENT, AUTO_INCREMENT=14;

--
-- AUTO_INCREMENT for table `payment`
--
ALTER TABLE `payment`
  MODIFY `Pay_ID` int(11) NOT NULL AUTO_INCREMENT;

--
-- AUTO_INCREMENT for table `product`
--
ALTER TABLE `product`
  MODIFY `Pro_ID` int(6) UNSIGNED ZEROFILL NOT NULL AUTO_INCREMENT, AUTO_INCREMENT=31;
COMMIT;

/*!40101 SET CHARACTER_SET_CLIENT=@OLD_CHARACTER_SET_CLIENT */;
/*!40101 SET CHARACTER_SET_RESULTS=@OLD_CHARACTER_SET_RESULTS */;
/*!40101 SET COLLATION_CONNECTION=@OLD_COLLATION_CONNECTION */;
